{
    "code": "import turtle\nt1 = turtle.Turtle()\nt1.pencolor('white')\n\nfor i in range(3):\n   t1.forward(100)\n   t1.left(120)",
    "type": 1,
    "guide": [
        {
            "id": "tut2",
            "img": "<p style='margin:0cm;font-size:16px;font-family:\"Calibri\",sans-serif;'><span style=\"font-size:24px;color:#BFBFBF;background:black;\">Let&apos;s draw a triangle now</span></p>",
            "code": "import turtle\nt1 = turtle.Turtle()",
            "audio": ""
        },
        {
            "id": "tut3",
            "img": "<p style='margin:0cm;font-size:16px;font-family:\"Calibri\",sans-serif;'><span style=\"font-size:24px;color:#BFBFBF;background:black;\">We are going to make it loop three times since the triangle has three sides</span></p>",
            "code": "import turtle\nt1 = turtle.Turtle()\nt1.pencolor('white')\n\nfor i in range(3):",
            "audio": ""
        },
        {
            "id": "tut4",
            "img": "<p style='margin:0cm;font-size:16px;font-family:\"Calibri\",sans-serif;'><span style=\"font-size:24px;color:#BFBFBF;background:black;\">Our Turtle will go forward by 100 pixels, then turn left by 120 degrees, then we will repeat this 3 times</span></p>",
            "code": "import turtle\nt1 = turtle.Turtle()\nt1.pencolor('white')\n\nfor i in range(3):\n   t1.",
            "audio": ""
        }
    ]
}