{
    "code": "import turtle\nt1 = turtle.Turtle()\nt1.pencolor('white')\nt1.forward(100)\nt1.right(90)\nt1.forward(100)\nt1.left(90)\nt1.forward(100)",
    "type": 1,
    "guide": [
        {
            "id": "tut14",
            "img": "<p style='margin:0cm,font-size:16px,font-family:\"Calibri\",sans-serif,'><span style=\"font-size:24px,color:#BFBFBF,background:black,\">To turn our turtle right we can use the command right and inside the parenthesis, we can specify the number of degrees we want it to turn. In this case 90 degrees</span></p>",
            "code": "import turtle\nt1 = turtle.Turtle()\nt1.pencolor('white')\n\nt1.forward(100)\nt1.right(",
            "audio": ""
        },
        {
            "id": "tut15",
            "img": "<p style='margin:0cm,font-size:16px,font-family:\"Calibri\",sans-serif,'><span style=\"font-size:24px,color:#BFBFBF,background:black,\">in the same way, to turn it left by 90 degrees, we can give left(90)</span></p>",
            "code": "import turtle\nt1 = turtle.Turtle()\nt1.pencolor('white')\n\nt1.forward(100)\nt1.right(90)\nt1.forward(100)\nt1.left(90)",
            "audio": ""
        },
        {
            "id": "tut16",
            "img": "<p><span style='font-size:24px,font-family:\"Calibri\",sans-serif,color:#BFBFBF,background:black,'>And That&apos,s How we turn our turtle to right and left. now try changing the degrees and see how it changes its directions</span></p>",
            "code": "import turtle\nt1 = turtle.Turtle()\nt1.pencolor('white')\n\nt1.forward(100)\nt1.right(90)\nt1.forward(100)\nt1.left(90)\nt1.forward(100)",
            "audio": ""
        }
    ]
}